<?xml version="1.0" encoding="UTF-8"?>
<schema xmlns:xsi="http://www.w3.org/2001/XMLSchema-instance"
                 xsi:noNamespaceSchemaLocation="urn:magento:framework:Setup/Declaration/Schema/etc/schema.xsd">
    <table name="gift_dispatch" resource="default" engine="innodb"
           comment="Gift Dispach">
        <column xsi:type="smallint" name="g_id" padding="10" identity="true" unsigned="true" nullable="false" comment="Gift Id"/>
        <column xsi:type="varchar" name="g_name" nullable="false" length="255" comment="Gift Name"/>
        <column xsi:type="smallint" name="g_weight" unsigned="true" nullable="false" default="0" comment="Gift Weight"/>
        <column xsi:type="varchar" name="g_dispatch_city" nullable="false" length="50" comment="Gift Gispatch City"/>
        <column xsi:type="datetime" name="created_at" comment="Gift Created"/>
        <column xsi:type="datetime" name="update_at" comment="Gift Updated"/>
        <constraint xsi:type="primary" referenceId="PRIMARY">
        <column     name="g_id"/>
        </constraint>
    </table>
</schema>
