<?xml version="1.0"?>

<config xmlns:xsi="http://www.w3.org/2001/XMLSchema-instance" xsi:noNamespaceSchemaLocation="urn:magento:framework:ObjectManager/etc/config.xsd">

    <virtualType name="Mage\Gift\Model\ResourceModel\GiftModel\GiftModel\Collection" type="Magento\Framework\View\Element\UiComponent\DataProvider\SearchResult">
        <arguments>
            <argument name="mainTable" xsi:type="string">gift_dispatch</argument>
            <argument name="resourceModel" xsi:type="string">Mage\Gift\Model\ResourceModel\GiftModel</argument>
        </arguments>
    </virtualType>

    <type name="Magento\Framework\View\Element\UiComponent\DataProvider\CollectionFactory">
        <arguments>
            <argument name="collections" xsi:type="array">
                <item name="mage_gift_list_data_source" xsi:type="string">Mage\Gift\Model\ResourceModel\GiftModel\GiftModel\Collection</item>
            </argument>
        </arguments>
    </type>
</config>