<?xml version="1.0" encoding="UTF-8"?>
<schema xmlns:xsi="http://www.w3.org/2001/XMLSchema-instance"
                 xsi:noNamespaceSchemaLocation="urn:magento:framework:Setup/Declaration/Schema/etc/schema.xsd">
    <table name="all_products" resource="default" engine="innodb"
           comment="Sample Product Collection">
        <column xsi:type="smallint" name="product_id" padding="10" identity="true" unsigned="true" nullable="false" comment="Product Id"/>
        <column xsi:type="varchar" name="product_name" nullable="false" length="255" comment="Product Name"/>
        <column xsi:type="varchar" name="sku" nullable="false" default="null" comment="Product Sku"/>
        <column xsi:type="smallint" name="quantity" nullable="false" default="0" comment="Product Quantity"/>
        <column xsi:type="varchar" name="price" nullable="false" default="null" comment="Product Price"/>
        <column xsi:type="datetime" name="created_at" comment="Product Created"/>
        <constraint xsi:type="primary" referenceId="PRIMARY">
            <column name="product_id"/>
        </constraint>
    </table>
</schema>
