<?xml version="1.0"?>

<config xmlns:xsi="http://www.w3.org/2001/XMLSchema-instance" xsi:noNamespaceSchemaLocation="urn:magento:framework:ObjectManager/etc/config.xsd">

    <virtualType name="Main\Product\Model\ResourceModel\ProductModel\ProductModel\Collection" type="Magento\Framework\View\Element\UiComponent\DataProvider\SearchResult">
        <arguments>
            <argument name="mainTable" xsi:type="string">all_products</argument>
            <argument name="resourceModel" xsi:type="string">Main\Product\Model\ResourceModel\ProductModel</argument>
        </arguments>
    </virtualType>

    <type name="Magento\Framework\View\Element\UiComponent\DataProvider\CollectionFactory">
        <arguments>
            <argument name="collections" xsi:type="array">
                <item name="main_product_list_data_source" xsi:type="string">Main\Product\Model\ResourceModel\ProductModel\ProductModel\Collection</item>
            </argument>
        </arguments>
    </type>
</config>