<?xml version="1.0" encoding="UTF-8"?>
<schema xmlns:xsi="http://www.w3.org/2001/XMLSchema-instance"
                 xsi:noNamespaceSchemaLocation="urn:magento:framework:Setup/Declaration/Schema/etc/schema.xsd">
    <table name="stickers" resource="default" engine="innodb"
           comment="Stickers on Offre">
        <column xsi:type="smallint" 
            name="sticker_id" 
            padding="10" 
            identity="true" 
            unsigned="true" 
            nullable="false" 
            comment="Sticker Id"
        />
        <column xsi:type="varchar" 
            name="sticker_name" 
            nullable="false" 
            length="255" 
            comment="Sticker Name"
        />
        <column xsi:type="datetime" 
            name="created_at" 
            comment="Sticker Created"
        />
        <column xsi:type="datetime" 
            name="updated_at" 
            comment="Sticker Updated"
        />
        <constraint xsi:type="primary" referenceId="PRIMARY">
            <column name="sticker_id"/>
        </constraint>
    </table>
</schema>
