<?xml version="1.0"?>

<config xmlns:xsi="http://www.w3.org/2001/XMLSchema-instance" xsi:noNamespaceSchemaLocation="urn:magento:framework:ObjectManager/etc/config.xsd">

    <virtualType name="Product\Sticker\Model\ResourceModel\StickerModel\StickerModel\Collection" type="Magento\Framework\View\Element\UiComponent\DataProvider\SearchResult">
        <arguments>
            <argument name="mainTable" xsi:type="string">stickers</argument>
            <argument name="eventPrefix" xsi:type="string">admin_user</argument>
            <argument name="resourceModel" xsi:type="string">Product\Sticker\Model\ResourceModel\StickerModel</argument>
        </arguments>
    </virtualType>

    <type name="Magento\Framework\View\Element\UiComponent\DataProvider\CollectionFactory">
        <arguments>
            <argument name="collections" xsi:type="array">
                <item name="product_sticker_list_data_source" xsi:type="string">Product\Sticker\Model\ResourceModel\StickerModel\StickerModel\Collection</item>
            </argument>
        </arguments>
    </type>
</config>