<?xml version="1.0"?>

<config xmlns:xsi="http://www.w3.org/2001/XMLSchema-instance" xsi:noNamespaceSchemaLocation="urn:magento:framework:ObjectManager/etc/config.xsd">

    <virtualType name="Customer\Salesman\Model\ResourceModel\SalesmanModel\SalesmanModel\Collection" type="Magento\Framework\View\Element\UiComponent\DataProvider\SearchResult">
        <arguments>
            <argument name="mainTable" xsi:type="string">customer_manu
</argument>
            <argument name="resourceModel" xsi:type="string">Customer\Salesman\Model\ResourceModel\SalesmanModel</argument>
        </arguments>
    </virtualType>
    <type name="Magento\Framework\View\Element\UiComponent\DataProvider\CollectionFactory">
        <arguments>
            <argument name="collections" xsi:type="array">
                <item name="customer_salesman_list_data_source" xsi:type="string">Customer\Salesman\Model\ResourceModel\SalesmanModel\SalesmanModel\Collection</item>
            </argument>
        </arguments>
    </type>
</config>