<?xml version="1.0" encoding="UTF-8"?>
<schema xmlns:xsi="http://www.w3.org/2001/XMLSchema-instance"
                 xsi:noNamespaceSchemaLocation="urn:magento:framework:Setup/Declaration/Schema/etc/schema.xsd">
    <table name="offers" resource="default" engine="innodb"
           comment="Store wise Offers">
        <column xsi:type="smallint" 
            name="offer_id" 
            padding="10" 
            identity="true" 
            unsigned="true" 
            nullable="false" 
            comment="offer Id"
        />
        <column xsi:type="varchar" 
            name="store_name" 
            nullable="false" 
            length="255" 
            comment="Store Name"
        />
        <column xsi:type="smallint" 
            name="store_id" 
            padding="10" 
            nullable="false" 
            comment="Store Id"
        />
        <column xsi:type="varchar" 
            name="offer_name" 
            nullable="false" 
            length="255" 
            comment="Offer Name"
        />
        <column xsi:type="datetime" 
            name="created_at" 
            comment="Offer Created"
        />
        <column xsi:type="datetime" 
            name="updated_at" 
            comment="Offer Updated"
        />
        <constraint xsi:type="primary" referenceId="PRIMARY">
            <column name="offer_id"/>
        </constraint>
        <constraint xsi:type="unique" referenceId="UNIQUE">
            <column name="store_id"/>
        </constraint>
    </table>
</schema>
