<?xml version="1.0"?>

<config xmlns:xsi="http://www.w3.org/2001/XMLSchema-instance" xsi:noNamespaceSchemaLocation="urn:magento:framework:ObjectManager/etc/config.xsd">

<preference for="Magento\Customer\Model\ResourceModel\User\Collection"
            type="Magento\Customer\Model\ResourceModel\User\Collection2" />
    <virtualType name="Store\Offer\Model\ResourceModel\OfferModel\OfferModel\Collection" type="Store\Offer\Ui\Component\Listing\CustomerDataProvider">
        <arguments>
            <argument name="mainTable" xsi:type="string">offers</argument>
            <argument name="eventPrefix" xsi:type="string">admin_user</argument>
            <argument name="eventObject" xsi:type="string">admin_user</argument>
            <argument name="resourceModel" xsi:type="string">Store\Offer\Model\ResourceModel\OfferModel</argument>
        </arguments>
    </virtualType>

    <type name="Magento\Framework\View\Element\UiComponent\DataProvider\CollectionFactory">
        <arguments>
            <argument name="collections" xsi:type="array">
                <item name="store_offer_list_data_source" xsi:type="string">Store\Offer\Model\ResourceModel\OfferModel\OfferModel\Collection</item>
            </argument>
        </arguments>
    </type>
</config>